expect pay, slogan expect, company slogan, pay, company
senator randall, constituents wouldn, says cares, lie people, isn
telling daughter, mother getting, math test, data month, begins
leave yard, wild animals, children leave, mother tells, woods
ban hummers, cars ban, environment, eventually government, bad
wearing speedo, goes swimming, time joe, goes, make want
sleep sun, sleeping causes, causes, set, time
oppose senator, minority children, health care, proposal extend, funded
child fish, eat parent, starving africa, tastes funny, want
hire redesign, building house, john, website lola, away external
appeals feelings, feelings logic, beware appeals, logic, beware
group doing, belong group, desire belong, taps, doing
research invention, quality life, shows improved, science shows, comes
prof jones, eliminate teaching, scheduled raises, brown understand, bleed dry
distract argument, uses irrelevant, techniques distract, information techniques, hand
climate change, student didn, beach cleanup, believe, advisor
herbal supplement, zambia, chemicals pronounce, taking medication, healthier
bridges madison, logical fallacy, professor said, artistic worth, trash lacked
behavior modification, rewards punishments, try control, subjecting, obviously
taxes lowered, lowered money, taxes, lowered, spend money
freewill exist, control actions, entire justice, seriously flawed, bad
cell phones, students used, used cell, don, don need
dumb jocks, football players, players dumb, football, dumb
classes hard, statement example, said math, hard, cousin
dismissing viewpoint, viewpoint, inconsistent, issue, thing
second amendment, nuclear submarines, civilians, justification, using
consciousness brain, brain molecules, brain source, molecules source, source
lowered tuition, students think, article campus, survey 95, newspaper states
bicycle lanes, mayor, lowell forcing, blake wants, create
debt rent, promotion, rent, lot debt, lot
women care, care looks, care, women, looks
gun confiscation, nuclear warhead, government provide, decide, private
tax relief, tax instead, death tax, instead estate, cut death
teach anton, fly helicopters, drive car, want learn, ll want
reserved faculty, students allowed, park lots, lots faculty, allowed
tipping waiter, like stealing, right wallet, money, right
passing grade, party quarter, project missed, 150 hours, spent
divorce religion, couple does, longevity, attendance positively, likely
circular reasoning, premises, truthfulness, occurs makes, rely
bert economy, attp jenny, jenny bert, economy, conversation
polygamy bestiality, allowing gay, marriage, way, puts
crisis candidate, debate, fix economic, moderator fix, focus started
haircut mom, mom, job, used, got
lowering taxes, ben jerry, eats pint, idea esto, mujer
useless laws, repealed, laws reform, reform 13, 13
flu vaccine, just holidays, people spend, mind control, device increase
traditional marriage, preserving, committed, union, man
register firearms, john oppose, step confiscation, right bear, babies boats
sickness morally, nature treat, wrong interfere, people, gives
restaurants sydney, sydney tried, tried horrible, good, aren
hear rain, window sun, falling outside, shining, hear
want brainwashed, away gatherings, stay, don, want
air conditioner, clearly hot, mom didn, conditioner clearly, turn
ken morality, cheat spouse, creates code, conduct shared, mike
banning poetry, burning books, ammar demanded, form literature, thing
mayor previous, economy unemployment, clearly support, time focusing, great deal
skateboards banned, kids ride, extremely dangerous, breaking arms, don think
psychology training, program, efficient effective, 10, ago group
advice math, math doesn, tie shoes, don listen, doesn know
jailing journalists, government contempt, supreme, just flinched, lengths use
exercising spouse, face food, jon bother, vacation, stuffing
moral law, god speaker, requires existence, think idea, course
latest craze, craze fad, craze, fad, latest
geometry, course assignment, probably pass, complete, know
cats exercise, topic people, dance great, outside gives, just
right rude, answer just, right, just, gave
voting smith, smith president, family voting, president, rest family
diet cookie, fallacy, know gained, 10, tonight just
circular reasoning, premises, truthfulness, occurs makes, rely
misleads audience, word double, ambiguous meaning, writer speaker, intentionally
lost phone, phone living, room lost, room living, lost
job market, complaining difficult, daughter, understand people, got
ella watson, liked ceo, employees, enduring popularity, thanks enduring
billy murdered, spanked child, people spanked, murdered people, child
mormonism fastest, golden plates, growing sects, story, unfortunately disappeared
sandra tells, stay 10pm, curfew, mom deserve, let
stephen hawking, warming real, smartest, global, says
royals promoting, join team, season telling, people, come
make violent, behaves, doing, make, know
uniforms fallacy, high schools, evidence support, sara discovered, indicated 72
affirmative action, remedy injustice, fair, just remedy, committing
carb diet, lose weight, friends doing, low, way
canada best, country live, countries, live, better
judgment mother, tells pediatrician, mother tells, trust, doesn
florida important, beaches, state, sun, important
declares teapot, bertrand, mars prove, wrong, moment orbit
gay rights, entirely disease, movement gained, hardly coincidental, mckenna college
necessary justice, order, program social, legal, achieved
iphone 11, best phone, phone market, 11 best, wants
teacher, parent says, graduated community, know, doesn
education warren, military spending, leave defenseless, hates country, saying surprised
misleading claims, getting promoted, claims result, did, result getting
america best, place, live, good example, better
idiot ivan, borrow car, turns pumpkin, ad hominem, midnight sidney
possess guns, allowing people, giving bomb, bunch kids, like
joan scratched, cat visiting, comes fever, concludes, friend
mayor monster, hated babies, commercials described, political, discussed plans
day biking, lou want, field trip, shouldn allowed, thing does
extreme choices, people choose, force people, intentionally ignoring, spectrum possibilities
child kidnapped, neighbor child, place children, yard city, dangerous
richard nixon, kennedy won, exclusively debate, suggesting john, tv
harvard interesting, good university, courses took, good, don think
mall polled, people opinions, city population, represent, went
floss cavities, lose teeth, 30, forget, time
park tall, tall people, people irresponsible, recently vandalized, people recently
animal auschwitz, analogy, compares treatment, gays groups, era
drinking milk, fish people, friend skin, got patched, true
cause recessions, follows republican, presidency, severe, cause
biological evolution, pond scum, fact edwin, ted, ridiculous possibly
boring meals, eat sad, restaurant, home, great
asking garage, roommate, patio furniture, talk cleaning, shopping new
john doe, best candidate, people voting, doe best, majority
prove innocence, defendant able, strong evidence, honor, able
gun registration, unconstitutional morass, confiscation, universal, start sliding
isn poetry, rhythm music, based, kind, isn
president fallacy, slouch desk, eat breakfast, ll hurt, committed
fake moon, landing, effects, using special, possible
feminist watched, example fallacy, watched democratic, national convention, definitely
academic decathlon, iglesias rich, academic, kid, mr
example fallacy, fallacy, example
eden happen, make world, saving environment, bored, does
fail eng, pass quiz, grade affect, graduate highschool, low
hitler hatred, war ii, attributing, cause world, ii
jaquon earl, men don, tiempo es, time healthy, invest therapy
employees health, vacation days, replaced cares, year means, isn willing
slaves jefferson, criticisms unwarranted, pleas freedom, independence eloquent, clearly
swear public, interviewer think, man street, right free, oh
wheel greg, red, selection thinking, black suffering, savings
sweden college, free citizens, rid liberal, come ed, glad
donate, xyz disease, help cure, raising, problem
said alice, people light, eyes king, distance real, able
ruins troy, haven ruins, city, really exist, didn really
abolish death, actor chewbacca, penalty respected, opposition, publicly stated
abortion right, supreme court, according supreme, right, court
money buffoon, company makes, money, running, reason
believing literal, resurrection jesus, errors contradictions, titanic sank, did agree
afford stereo, going music, decide afford, decide, look
dress code, punishment, teacher confronts, boys able, begins
beth intelligent, geometry class, smart, person, know
mayor kerr, lanes, greenpoint forcing, cars bike, wants create
face trust, run country, trust run, look, run
term deviations, short term, assumes short, term, correct
like coffee, coffee 95, teachers, 95 teachers, like
fallacy assumes, agree, right, people, good
poor families, addicts poor, lazy drug, people, know
beat wife, wife, times, beat, day
chips red, maury didn, dealer sure, 15 instead, thank
senator bob, opinion crook, spiteful loony, opinion, man
declaration independence, appeal used, following phrase, ravaged coasts, lives people
knew helped, bad karma, lady road, old, having
nsa whistle, slope totalitarian, binney said, activities slippery, state
declare majors, economics computer, university brochure, science, successful
school budget, leave night, late decide, say, getting
thousand businesses, subscribe program, program existence, produce, best
people psychic, psychic able, dead, people, able
verdict guilty, bloody clothes, deserves, imagine helpless, ladies gentlemen
fallacy using, lose jobs, curve covid, stay inside, 19 replied
running debt, government like, like running, business, expect successful
fingerprints gun, wipe fingerprints, use wipe, use, did
worry bear, man eating, said lovely, lady, doesn
save puppy, eyes abuse, write check, unless, close
approach ethics, ethics, uninformed approach, stupid uninformed, approach
sad muppet, president looks, make good, wouldn, like
japanese friend, japanese, true numb, friend, true
lois jan, snow dance, afternoon, did, claimed brought
gertrude, having forms, day efficient, things, happy way
logical fallacy, toast crunch, love cinnamon, real kid, said
living cheaper, midwest wall, says cost, journal says, street
appear weak, war appear, weak, war, appear
ban hummers, cars ban, bad environment, eventually government, bad
fallacy example, raise tuition, cover cost, library address, lisa trying
rise crime, president jones, taxes rate, responsible, went
asked alice, said footman, louder tone, question, know
senator jill, cut education, funding, live deficit, huge
rush shop, television advertisement, mart, super, weekend doing
fallacy example, donald duck, megan wore, day chemistry, got
backpack child, just accept, add, need clean, know
hunting inhumane, inhumane outlawed, hunting, inhumane, outlawed
psychologists, published decades, read works, order effective, passed away
positive words, using vague, technique using, little meaning, actually
rise crime, president jones, responsible, taxes rate, went think
lead poisoning, contribute violent, city children, behavior p2, solved curing
violent street, rights, possible violations, toast worth, winds blowing
gas prices, ownership higher, car, years cost, steadily past
don study, gpa fall, fail test, end homeless, decent
parking fines, defendant hadn, shouldn pay, sign said, naturally presumed
advertisement stains, ultra suds, blues away, television, using new
recycling act, recycling bins, bins throw, city provide, example
company slogan, expect pay, usually used, eat fresh, nonspecific sound
ordinance rioting, rioting streets, pass ordinance, streets, pass
000 buyer, sell house, 250, house, wants
officer driving, ticket, road, fast, doing
model close, agreement data, close agreement, data, close
frankie religion, pot, cambodian, revolutionary, bad man
logical fallacy, brad mother, ll chorus, school play, asked wasn
exercise good, said polly, agree, everybody, earnestly mean
cell phones, students want, text friends, social lives, focused studies
ban ipods, teenagers government, cell, eventually video, bad
president liar, voted president, thief, voted, president
legislation sinful, sinful wrong, legislation, wrong thing, thing
verizon advertising, galaxy, loves new, claiming, bought
recycle, care human, life, don care, don
twinkies killed, francisco mayor, white, ate lot, ban
animal rights, logical fallacy, kkk 21st, activist says, evil human
minerals exhibit, needs security, steal piece, don agree, new
enemy hate, friend enemy, love hate, friend love, person
case vegetarianism, steak, argue, case, enjoying
political divisiveness, immigration don, republicans know, aren tired, agree
persuasive technique, mentality, appeals doing, used media, messages
extra terrestrials, prove definitively, exist, definitively extra, able
doctor fallacy, asking doctor, opinion evidence, skipping, looking
taxes lowered, argument taxes, republican argument, rejected, think
choice, support
circular reasoning, premises, truthfulness, occurs makes, rely
met pope, jesus favorite, wine believe, snack raisins, hold doctorate
grill husband, smith, unfaithfulness, fed, finally got
unemployed pot, major english, college start, poetry thing, know
eating candy, cavities avoid, avoid, cause, unless want
homosexuality ought, homosexuality normal, morally, property normal, wrong
zorbo great, flawless perfect, infallible book, definitely true, says
new jeans, dogs blue, teens sure, called, sure
global warming, scientists wrong, boss thought, ridiculous, just finished
example fallacy, hairdresser said, covid numbers, bother mask, brother girlfriend
logical fallacy, speed limit, ticket example, driving, shouldn gotten
run athletic, athletic run, athletic, run, run run
left meteorite, wasn missile, bomb, mechanical failure, wasn
exceptions claim, moving goalposts, false, making, shown
mcdonald hamburgers, hamburgers 99, billion served, 99 billion, served
jose join, come party, join everybody, everybody, left
political correctness, liberals took, reason donald, elected, got
strategic federal, party wants, critical programs, tax, spend precious
money psychologists, clinic sure, large income, work earn, makes lot
asking garage, wife wants, patio furniture, talk cleaning, shopping new
luke didn, starving, eat vegetables, think poor, children world
horror movies, movies hilarious, movies jim, jim carrey, hilarious
coke healthy, pepsi britney, healthier, drinks, spears
diet cookie, gained 15, break, tonight just, know
students paid, waking morning, expect, allow, thing know
math class, gets phone, limit begin, mom, did test
textbook medical, doctors refer, use, time treating, way allowed
going behave, say going, people say, know, know won
women rights, probably bias, stats shows, teacher brings, cares
passing grade, party quarter, project missed, 150 hours, spent
yogurt healthy, healthy, guts, people eat, sick
emails clinton, 000 deleted, 35 000, correcting addressing, turned
juror seven, numbers persuade, deliberations, says think, use
choice, support
singing car, bad voice, quit, friend told, time
raising taxes, children future, arguing, support programs, let
fdr mighty, country desert, depression, engine pulling, great
contributes climate, responsible extreme, hurricanes, person think, southwestern
professor, facts program, don remember, tv don, got
issue raised, adequately answered, answered opponent, accept argument, refuses conceded
student didn, teach learned, class right, saying just, work
professional athletes, sense morality, vick oj, like michael, really
ethic david, wrong luna, god complex, just egotistical, does know
sunrise rooster, sound rooster, makes sun, makes sound, rise
assume oversleeping, oversleep fail, fail tests, test assume, causes
contributes climate, perform rain, responsible extreme, person think, southwest perform
larger colleges, marcus decides, class applying, home kids, wants small
diet coke, people drink, year best, soft, millions people
warming hoax, decreasing pirates, fancy chart, world global, whilst
senator jones, submarine program, leave defenseless, says fund, entirely
undermining reputation, character subtly, guy distorts, trick literally, compelling point
open love, love, open
study st, cloud state, important future, country choose, american people
cheated income, wilma cheated, realize wrong, walter hey, year
curfew distract, parents, home past, late getting, weather cold
control covid, wrists cameras, citizens bar, government regularly, measures draconian
god
messaging plans, battery life, poor cell, software update, concern praises
bad luck, cat, knock wood, umbrella indoors, yesterday walked
opinions sports, tie shoes, barely tie, mean, barely
america best, better country, place, live, better
ignoring god, realizing right, people hard, good bad, years
math teacher, new math, seen fat, know, new
persuasive technique, person emotions, technique meant, influence person, meant
claim disprove, saying burden, lies person, saying, person making
duterte corrupt, corrupt honest, politician, concrete proof, honest
renting movies, company website, stores, reply ve, fortune
gossip laura, jane know, talks chance, shouldn, gets
sally billy, supercyberdate determined, like pizza, jackson vote, great match
peer pressure, pressure persuasion, persuasion, everybody doing, based foundation
teenagers wear, school longer, rules academic, performance decline, let
cats outside, topic people, outside debate, let, exercise know
rhetorical fallacy, gender ethnicity, political social, professional religious, basis
terrorist laws, new nazi, monitor international, emails step, turning fragile
listen doctor, don listen, person opinion, good, invalid
job 1992, held steady, haven, provide, worse couldn
cheating exams, stopped cheating, exams, cheating, stopped
pain killer, better morphipill, 2000 professional, bimbos studmuffins, play
abolish death, penalty respected, stated opposition, kader publicly, people imran
sad muppet, saunders wouldn, president looks, bernie, make good
example fallacy, specific candidate, saying support, diagnosed cancer, recently
believe ghosts, reconsider opinion, roughly billon, don think, people
eyre quiz, failed jane, classes fail, kids, quiz guess
late appointment, turn line, patient, wait, need
past correct, argues, ve way, thing, worked
kid math, used data, just forgive, phone plan, today
week skiing, jason family, utah spend, calls weather, channel demands
attp shirley, topic choice, maclaine, selling copies, true
hates environment, company hates, ceo company, products, buy
lifeguard community, braden, beat car, 1980s, reason allow
aware deception, forcing idea, static unless, choices, viewer lack
minutes late, late today, today 10, yesterday minutes, won
pain away, away worked, work, worked sure, sure
children starve, reason billions, death year, live world, does care
jail example, end jail, lie end, lie, example
american flag, illegal burn, constitutional amendment, hates, pass
cardinals best, better teams, best football, football team, better
salt soup, add salt, pour box, soup pour, going add
senator jones, defense vote, drafted war, wants strong, canada avoid
lance, great athlete, fraud cheat, everybody happy, great
believes ghosts, philosophy professor, séances intelligent, goes, true
evolved monkeys, logical fallacy, competitive advantage, don arms, wouldn
syrian refugees, dark image, clinton elected, crimes staying, flooding illegal
blondes intelligent, hair colors, intelligent people, people hair, colors
prove extraterrestrials, exist, able prove, real, able
broke promise, speak ex, quick text, don understand, sent
drinking age, difference changing, days, does law, 1095 single
senator jones, national defense, vote country, supports strong, start world
tempers annabel, know redheads, hair, bet terrible, ll
logical fallacy, outside door, closed saw, people standing, type
enforcing justice, democrats biased, talk people, practicality, don think
torture prisoner, mock hanging, held water, speaker did, just
donut today, eat healthy, tomorrow, ll able, probably
table vase, poltergeist, dog ran, house, just jump
false dichotomy, case false, dichotomy, false, case
environmental studies, don support, fact, global, accepted
america love, logical fallacy, leave, kind logical, example kind
caused taxi, taxi parking, accident, parking street, caused
knife education, dulls mind, cutting difficult, difficult problems, just
portraying opponent, simplified manner, position, easy argue, manner
convict criminal, convict, think convict, criminal, think
running debt, government like, like running, business, expect successful
prohibit drugs, fatty food, know government, teeth exercises, force
marine taught, caution, policy sort, best, years
chick fil, food, look crowds, greatest, chain existence
school biased, untrue, teacher, makes public, claims makes
hypocrisy opponent, fallacy distracts, fallacy, argument pointing, distracts
didn homework, did example, homework, example, didn
advertisements shell, products, charged misleading, platformate, said comment
invasive ventilation, ards approach, use non, professor holds, adopt
marijuana legalized, think pothead, war speaker, course think, better country
paris hilton, health food, hilton sell, trust, parties multiple
texting killed, proper grammar, write, people ability, complete
tik tok, tok popular, teens use, popular, use
schools raise, raise taxes, better schools, taxes, don better
chief ireland, british football, macdougal roots, clearly unfit, police
woman mom, karen likely, van lives, suburbs wears, drives mini
test results, wrong client, malingering bungled, administration taking, clearly
tax patriotic, income tax, sacred obligation, higher income, paying
funding animal, mayor argued, don vote, government care, need reduce
trust doctor, raise child, mother, advice raise, advice
broccoli significantly, candy bar, significantly fat, fat leading, significantly
autism vaccines, toddlers know, numerous studies, wikipedia entry, definitely
reference monk, monk likely, likely utilizing, reference, likely
seeking happiness, feel guilty, guilty seeking, seeking, doing
reference interviewer, jill trustworthy, resume looks, vouch, know
car worth, 10k, compromise say, saying, just
cardenas, unfit chef, british football, roots, new
school biased, newspaper editor, children claims, makes public, untrue
understand finances, book chess, dummies really, press costs, probably help
minimum wage, state person, raising, business, smart run
black pencils, group projects, fun, chosen, don buy
cubans understand, presumption guilt, understand presumption, understand, real
student online, want schools, course, allow, soon
ghosts exist, logical fallacy, closet example, ghost closet, saw
event fallacy, caused, described logical, followed, form
tax corporations, money charity, think costs, wrong, run
persuasive technique, join group, feel left, don, used make
exam curve, professor getting, smoothly, thing classes, fair
aliens exist, exist evidence, evidence don, don exist, don
extensively physicist, minds physics, best minds, study, lives necessary
airport rude, country person, visit new, send message, friend
say lied, politician running, trust, public office, life
audience emotionally, advertiser tries, stories music, sappy, make connection
succeed cadet, cadet, going succeed, school going, going
pierce ears, stay midnight, let sister, 11, let stay
armor military, needs spent, vehicles, believe money, 20 years
use support, support trustworthy, trustworthy expert, trustworthy, use
está haciendo, evidence boils, doing good, mundo, se reduce
way ethical, patients far, responding difficult, way, completely
testimony defendant, believe ll, talk honest, time old, expert
lion good, pets lion, good pet, cat cats, good
sophia lloyd, liked ceo, enduring popularity, employees, thanks enduring
play violent, video games, children, video, don
diet, low carb, mentioned murtaza, friends doing, way
hydrogen wet, consciousness brain, oxygen, molecules source, source
cathy friends, create account, social media, like needs, opposed
vote legal, right vote, eighteen year, year olds, right
hated movie, movie worst, movie, worst, saw
experience real, smell touch, taste, hear, know
masks argue, infant wear, ridiculous, public, supposed american
fish brain, fda claim, does enhance, food decades, don
clothes company, cheap, buy, china, don
states vote, vote, democrats republicans, united states, united
marriage allowed, woman gay, traditionally man, allowed, man
previous employer, privacy lowest, hours andy, says constantly, great welcome
meatloaf eat, eat meatloaf, meatloaf, eat
second senator, defense budget, debt add, leave nation, believe
high school, school possible, finish high, possible know, didn finish
low carb, carb diet, diet, doing low, doing
minimum wage, state person, raising, business, smart run
bicycle infrastructure, sustainable mode, lights endanger, person build, expanded
popularity, fallacy used, promote based, based, used
meat friday, true catholic, eat, true, available
benefits pizza, friend tweeted, vegetable, best, going
point listening, little gooder, just little, everybody knows, just
cat sweater, wear family, make happy, know don, worked
bruce american, jersey bruce, new jersey, american, new
justin mom, math class, limit begins, talking hard, phone gone
sir lean, drop classes, submit requirements, sir, today
covid vaccine, genetic mutations, degree holy, minister, says
loves lobsters, maine loves, people maine, roommate, love
measure popular, bond issues, ballot thing, note, getting ridiculous
effective radio, tv advertisements, groups remember, focus, 38 percent
logic fallacy, fallacy, example logic, logic, example
artificial medicines, said natural, plain water, man rolled, town bandwagon
witches threaten, urgent spiritual, crisis, problem urgent, world today
marry pets, gay people, people married, allow, thing know
suffering hunger, waste food, people marawi, food people, don waste
tiger prevention, entered house, strategy clearly, works, years single
pledge allegiance, allegiance traitor, traitor, say, don
troops person, war, dangerous, actually want, sent
fun summer, don camp, won fun, don, ruined
claim argument, writer speaker, ad supports, restatements, goes circle
rap hip, fashion sense, course don, day zero, like
understanding universe, exactly began, good understanding, said good, know
pornography ginsberg, died poet, favor legalizing, arguments, allen
food example, visit mcdonald, just good, don want, today
punch face, protester escorted, 2016 campaign, remarks directed, like
young understand, clearly young, understand, clearly, way know
example fallacy, basketweaving team, friends agree, jerk trying, new underwater
decriminalizing marijuana, marijuana turns, stoner nation, turns stoner, turns
second language, parents talk, learn, remind didn, important
border president, build wall, thinks america, good idea, doesn matter
worried poverty, country speaker, think need, rising levels, abort day
mom ants, bedtime jane, hungry, dear close, know
critical mission, mission horribly, horribly executed, executed example, example
newman movies, oscar, paul, winners, great great
environmental demonstrators, inconveniencing general, meltdown infinitely, taxes, surely
president kumail, raised taxes, crime went, rate violent, responsible
classes hard, math class, said math, hard, friend
gum, body digest, seven years, human, studies takes
pot illegal, trouble child, parent really, age think, don want
legs bad, good legs, legs, bad, good
liberal gus, gus christian, liberal, politically, christian
weapons citizens, speech freedoms, zombies don, rid assault, soon lose
athletes dumb, player college, justice byron, white american, say
aliens exist, exist people, people believe, believe, people
warships maine, opposes reduction, course senator, spending bath, ironworks produces
freeway career, class fail, people nickels, don mr, end fighting
church guilty, scandal cover, neighbor frequently, involved sex, 102 year
ken morality, cheat spouse, creates code, conduct shared, mike
abortion catholic, jones say, say ethical, hold views, required
trust bible, speaker trust, does god, speaker know, right
flipped heads, probably tails, times, probably, row result
ripped jeans, dated fashionable, new modern, buy, double
cereal best, start day, michael jordan, best way, commercial claims
misrepresentation opponent, argue, position, makes easier, makes
public offering, slow annihilation, board choose, initial, suffer
plagiarism deceitful, plagiarism, deceitful dishonest, deceitful, dishonest
bert eyes, head brain, project image, guy, happening little
discredit idea, associated distracts, group order, reader real, person
guests dorm, allowing overnight, promiscuity teen, pregnancy eventually, degrees raising
world flat, scientists say, told, mother, don care
vegetables ms, eat green, leafy, grammar vocabulary, lord says
catch pneumonia, bathing winter, mother told, went, right
straw man, occurs opponent, simplifies misrepresents, attack refute, argument setting
kayla guilty, capital punishment, right fallacy, remain legal, following exchange
timmy mom, burn hell, god, don believe, ask
sugar essential, metabolic, component body, ordinary table, processes neglecting
scotsmen sugar, angus yells, lachlan points, like true, declares
archimedes dismissed, bathtub proper, laboratory, discoveries, proper university
andrea starkk, media harms, body image, ugly bitter, women comes
new socks, baseball pitcher, game example, faster, bought
example fallacy, loves america, politician wants, flags flying, rally 20
fallacy distraction, topic, argument, isn really, typically sentiment
sneeze, make power, ve, exactly time, went
commercial abandoned, struggling animals, donation help, forever, small
work weekends, melvin boss, sensing insubordination, thanks craigslist, know
salesman car, mileage reliable, average gas, doubt obviously, gets better
reagan great, communicator knack, talking effectively, people, great
algebra graduate, statistics instead, useless subject, ms long, puzzling thinks
naima scratched, cat visiting, cause illness, concludes, friend
babies killed, lion speaker, cecil, game hunter, think terrible
boris qualified, ex convict, suggestions penal, make suggestions, qualified make
difficult understand, unaware works, probably true, like, works
interviewed pastor, pete people, relationship jesus, god 10, people turning
farmer mcdonald, rain tellin, power plant, mankind, haven bit
good book, watching movie, movie just, just know, good
bob jones, immigrant families, vote like, detention, monster
hate poor, wage increase, proposed state, minimum, people
leader follower, follower, leader
joseph class, president poor, class president, poor, president
abolish soda, opponent argues, tax, wants encourage, people eat
robbed house, porch light, light robbed, leave porch, forgot leave
coronavirus dangerous, dangerous mean, vaccinations, fine, people say
better grades, sodas test, candy bars, history, got
just common, assume acceptable, acceptable just, happens, just
type car, car poorly, gives trouble, friend, continually
fallacy example, raise money, tuition cover, library forced, autumn
bail automakers, automakers economy, economy collapse, big, don
verizon advertising, galaxy, loves new, product, claim bought
limit pollutants, greenhouse, limbaugh says, think businesses, rush
professional escort, wrong engaging, services, wrong, don
fallacy committed, fuel start, belo said, dra vicky, said kind
open 24, hour schedule, surveyed customers, agreed staying, soon
energy drinks, drinks bad, agrees drinking, john agrees, bad
cat sweater, wear family, make happy, know don, worked
alien life, began ralphie, dicky think, seeded, ok did
annie smith, liked ceo, enduring popularity, employees, thanks enduring
god exists, bible reliable, reliable source, word, says
doors political, buchanan banging, public support, nader pat, media determined
following example, example, following
support animal, falsely claim, airplanes, calm, shouldn allowed
media fundraise, asking money, fallacy, uses social, sites long
noon school, just sleep, start high, dark, person
effect morale, asked unemployment, rate, going tell, country
defend catholic, taken seriously, traditions, born, grade bound
bowers electrolytes, brawndo secretary, pvt, use make, state use
heart transplant, deserve paper, funeral passed, professor did, study grandmother
jesus lived, world beautiful, life, place, exactly
home dead, wasn home, friend didn, answer wasn, called
senator spend, military budget, country defenseless, leave, health education
wear seatbelt, hospital weeks, aunt hospital, weeks didn, wear
clean hide, tax returns, trump won, prove, release
stop smoking, jack stop, jill, packs day, bad
himalayas, river flooded, ganges, sheets ice, houses huge
don recycling, hate earth, care pollution, bin, don care
logical fallacy, christine terrible, decides boys, experience boyfriend, mean example
loved buy, buy wanted, really loved, really, wanted
money abortionists, killing innocent, government, licensed hit, humans
rescue whales, jobs don, ridiculous spent, ice look, don like
burgers healthy, healthy meat, meat burgers, meat, healthy
applicant job, family, provide, suffers lot, looks like
coronavirus originated, originated china, chinese people, people sick, sick
rallying support, supreme leader, undermine citizens, told people, plan fundamentally
hadi begged, week hadi, class tough, tough week, receive class
cat sweater, wear family, make happy, know don, worked
pay politicians, municipality cycle, new speed, cameras densely, honest
woman shouldn, man job, shouldn man, woman, man
susan leave, leave early, giving friday, soon, allow
princeton private, schools better, state, debt think, want daughter
logical fallacy, like senator, lose election, students talked, sure ll
vote government, government know, fall apart, know, know fall
arguing based, popular, based popular, arguing, based
bad headache, 200 visit, subside better, day worth, just talking
propaganda uses, negative words, feelings idea, product person, type
exploiting workers, director fast, board, available resources, going maximize
colleague doctor, doctor young, inexperienced advice, advice, young
daughter iphone, fit kids, year old, new school, buy 12
shoes lost, team losing, soccer team, lucky, new
student, student just, just wrong, wrong, just
logical fallacy, friends eating, low carb, marie notices, way
paid liar, congressman darell, issa calls, jay carney, house spokesperson
close borders, safe terrorists, country, close, going
runs occur, phenomena routine, wheel spirits, statistically independent, believing
mrs roth, assignments need, asking nicely, good, person going
coffee hate, people like, hate, people, like
economy improved, improved greatly, president, greatly, greatly new
jackson tito, michael, tito company, jackson, company make
dress fallacy, sarah wakes, anatomy test, broke dog, stained favorite
phones school, distracted access, texting leads, believe high, anytime
doctor dave, family tradition, went stanford, break, kaitlin want
jonny mom, mom watching, tv close, make blind, sorry moving
york drivers, cuts traffic, plate cuts, terrible, decide new
crowing rooster, crows sun, causes sun, rises, causes
read spanish, borges lie, argentina, isn, just finished
vice president, school connect, gone public, middle lower, new
devices banned, distracting dangerous, use vehicles, dangerous mobile, use
david vandalize, police presence, city pete, loot little, way
people heart, decision people, right decision, right, ll make
liberty death, liberty, death
persuasive technique, dog great, addition family, think, come home
parent teacher, sutton vice, responsibility downtrend, performance declined, believe
buy car, younger wheel, tamera, good look, salesguy definitely
schools money, nutritious lunches, technology necessary, provide, away
rock star, cobain jimi, died young, live long, don expect
police protests, escalation, uniformed, presence, cause
love hate, hate, love
banning pornography, burning books, form literature, stop, ve got
america love, love leave, america, leave, love
drugs instills, philippines, instills fear, stop crimes, war
karapatan exposed, fewer tourists, country datum, expose reason, recorded entered
job exercising, got babysitting, week just, twice, leads new
animal experimentation, respect life, end civilization, battlefield constantly, likely
confession good, confession, good soul, soul, good
spare ribs, moon spare, moon core, proven moon, core filled
freeze academic, people unemployed, crime rate, students won, year
crime reliable, weak, council meetings, opponent says, city
phil ps4, console debate, marty said, better resolution, talking specs
lisa brainwashed, child thinking, generally good, people, good
starbucks girls, annie like, like starbucks, girls like, like
chocolate consumption, helps weight, highest switzerland, trimmest industrialized, reasonable conclude
drivers aggressive, aggressive example, sports, example, car
joey refrigerator, refrigerator broke, rachel moved, break, caused
snarl words, snarl, words example, words, example
cat husband, hate cats, husband hate, dog, hate
says meat, singh says, speaker sikh, bad environment, course
vietnam war, war america, america love, love leave, love
geo metro, miles gallon, car averages, superior, 43
true true, true
psychology teacher, community college, just psychology, teacher community, just
grace helen, interested brad, romantically, drug habit, inquisitive tone
chevy nova, car, drive people, happy 1972, country don
sleeping noon, sleep late, bad sleep, worst thing, late
steal keys, did steal, steal, keys, did
voluntary euthanasia, avoid legislation, toleration non, prevent slide, better
ban suvs, ban sports, sports cars, government, ll want
medical colleges, remained vacant, seats, private, ii government
fantastic sylvia, getting married, steve, chuck believe, means
true true, true
charity fundraiser, good person, today, didn, guess
runs occur, roulette wheel, statistically independent, phenomena, believing
objective morality, people punished, death don, behavior, bad
phones unsafe, radiation, logical reason, motion cell, supports opposition
honesty defined, defined honest, honesty, honest, defined
mayor appeal, ideal candidate, used quote, willingness reach, aisle cooperate
tracking devices, government implant, criminals, children eventually, going
fly penguins, birds fly, penguins, birds, fly
logical fallacy, simply cease, know someday, minutes today, used
illuminati existed, evidence illuminati, destroyed evidence, existed, clever
kid fallacy, tyler friends, obnoxious bad, statement use, does
campus cars, aren parking, spaces campus, spaces, aren
car insurance, male drivers, young male, twice likely, pay
trusting politician, lose homes, explaining, jobs, cause
rains washing, washing car, effect weather, time car, definite effect
marry, compatible year, live chance, know compatible, know
overtime rate, rate pay, lose job, pay wouldn, choose
states vote, vote, democrats republicans, united states, united
democrats support, gun control, laws believe, repeat offenders, list rights
beating wife, stopped beating, beating, wife, stopped
cat lovers, introverted shy, friends really, people, leads believe
taxes recycling, opponent debate, fined, wants increase, program company
reject science, stupid religious, religious people, people reject, stupid
goalposts exception, moved goalposts, claim shown, false, moved
marx theories, ideal society, bunk guy, time library, course
intelligent designer, dembski argues, modern biology, say religious, doesn support
repression, society, pay civilization, extent sigmund, price
fallacy louise, smoker cheated, opponent does, president campaign, running class
Reasoning, conclusion
beetle evil, volkswagen, hitler, originally designed, army
fattening ralph, piece cake, sandy shouldn, tub ice, second
shelter oak, hit lightening, standing, perfectly safe, ll
socialized medicine, form communism, president clinton, medicine form, advocate
raw garlic, 10 cloves, grandmother ate, lived 102, day surprisingly
politicians coin, coin names, cast blame, politicians, names
best toothpaste, fallacy committed, said colgate, mom said, 90
feminism, pat robertson, movement encourages, witchcraft destroy, children practice
contributes climate, pollution humans, responsible extreme, hurricanes typhoons, person think
russia terrible, rights record, president confronted, states plenty, things
increase tuition, new home, going cost, need stop, year thing
ban hummers, cars ban, environment, eventually government, bad
deer crossing, sign dangerous, highway, stretch, really
vote emotions, nowadays vote, brains, people nowadays, instead
open economy, closed forever, scared, forever, completely ll
use people, door help, injustice, change speaker, wrong
dangerous militants, peaceful way, destroy, life, way
senator wrong, taxes, jerk, people work, issue
japanese dvd, best outsell, american, players, knows
taco best, taco, tastes better, best tastes, best
water float, float objects, dense, won sink, objects won
did test, red shirt, wore lucky, took, probably
miss practice, drop school, end penniless, means probably, people goof
meaningful ethics, cheating husband, husband tell, cheating, tell
appeals authority, authority little, little argument, argument, little
procrastination bad, habit, teacher told, hard way, bad
failed mirror, civics, bad luck, broke, test ve
exercise videos, jane fonda, great shape, worth money, look
mr casal, class good, time meeting, went poorly, year
corporations increases, course ceo, claims tax, breaks, development course
mean, nature, possibly nature, possibly, wrong
niece driving, automobile wisconsin, wausau yesterday, 16, saw
milk left, spoiled refrigerator, spoiled, night, left
personal trainer, controlling appetite, don confidence, expertise obvious, rec gave
divine intervention, non life, writing science, unable create, day
psychic abilities, edward johns, saying faith, disappeared, tested proper
social safety, money lazy, country speaker, people right, just throw
bible word, bible true, god god, tells, true
says republican, republican, just says, says, just
david tomb, david didn, haven king, really exist, didn
today late, someday, simply cease, minutes, simply
recycling idea, hippie, communist weirdos, approve, thought
process unethical, love wonderful, relationship therapist, condemn, human realm
minimum wage, candidate wants, business, smart run, raise
bow ties, hallways trust, fingers says, listen mr, walk
torturing babies, objective rights, wrongs universe, fun right, possibly say
patients improving, placebo, effect fuzzy, actually mechanism, line separating
best hamburger, billion people, chain claims, wrong, ve served
cat death, grieving cat, cat, detain, grieving
moving connecticut, poor, richest, state, nation tired
animals unite, major speech, revolt, old major, speech claiming
feelings reader, strong words, sway, used, specifically
thief derek, trisha interview, lollipop store, said years, candidate admitted
won lottery, swimming makes, tommy went, afternoon, mean
vandalized park, teenagers irresponsible, community, destructive, recently
persuasive technique, technique used, photo, used photo, used
restaurants new, york tried, square awful, times, good
exercise videos, jane fonda, great shape, worth money, look
labor laws, know labor, don job, know, oh
marriage prohibited, family structure, know collapse, sex, know
lady bug, male, mad, worried friend, wonder
babysitters pimples, leprechauns forest, creatures live, club members, example
fighter fast, kent new, car really, cal, doubt
rooster powerful, crows, sun comes, important, time
pledge allegiance, allegiance traitor, traitor, say, don
homelessness good, good thing, thinks, good, thing
clear discipline, dogs respond, people like, respond, best
leave overcharged, bottle champagne, waiter forgot, doubt chase, looks
professor thinks, support racism, donald, positions merit, tells
jones property, attp 11, people walking, evidenced people, mr
diagnostic, condition, validity, extremely high, separate
fast food, worry eating, millions americans, don worry, day
teens violent, games causes, playing video, years playing, risen years
weapons syrian, lose civil, doesn send, oppress, sphere influence
allow lifeguard, community pool, drive beat, 1980s reason, allow
raining outside, raining, dark outside, dark dark, outside
gang beat, vote way, beat doesn, way, doesn
think pollution, tsunamis, hurricanes tornadoes, humans, change person
opponent disprove, instead proving, proving argument, falsely requiring, instead
set deadline, permission slip, child bring, let, reason
child germs, fight illness, don expose, adult, sickly
handful syrian, bowl skittles, jr tweeted, just kill, problem
lady senator, senator adulterous, adulterous relationship, dear lady, believe dear
nail want, medieval proverb, shoe horse, want battle, rider lost
believe believe, believe
fellowship want, receive class, class don, receive, want
fenway park, sox, brother accompanies, sure lose, red
maria working, love shoes, 30 years, raise approaches, says kindest
spending restraints, idea new, generally popular, agreed good, asked friends
school lunches, cheat math, listening opinion, point, everybody
oj simpson, fame famous, wife pro, football hall, couldn
forget lunch, bag school, early example, ends, time
ethics half, new professor, psychology department, mild moderate, shows problems
popsicle daughter, want doll, mom, let home, ooh
logical fallacy, space aliens, exist real, friend says, example
men moon, right elvis, land, tinfoilhatguy1969 yeah, did successfully
age smoking, bad, packs, fourteen lived, father
mr casal, students, got sick, week likely, got
party friday, school, night right, right, thing
rodriguez accuses, fallacies, class ethnics, paragraph 43, following logical
age curfew, know curfew, dad know, dad, age
professors voting, alex whispers, clearly intelligent, jeff 80, make
vacation policy, changes vacation, policy likes, support changes, likes good
told kyra, fallacy using, know science, weird music, doesn
chocolate consumption, helps weight, highest switzerland, trimmest industrialized, reasonable conclude
fallacy equivocation, term phrase, meaning portion, way meaning, key
end homeless, classes high, job job, don, won able
fallacy suggests, evidence think, outcomes, ridiculous, likely just
don drink, evidence common, virus, don need, tony
president petutti, military strike, murder belongs, civilians different, different mass
higgins hair, students tell, color looks, different ms, horrendous
clean locker, homework science, need, good, think left
superstition sean, guinness fell, leprechauns, shamus pointed, old
running shoes, sarah loves, girls, wear, like
human cell, race period, surely impossible, grown, million
cheating tests, stopped cheating, cheating, tests, stopped
listen ellie, ellie goulding, listen, music, goulding
labor laws, know labor, don job, know, oh
cat sweater, wear family, make happy, know don, worked
sukaina mom, new book, decide reading, important, buy new
legalize pot, meth, heroin, people want, thing know
planet going, destroyed people, waste temperature, animals starve, creating
good university, uwi interesting, courses took, good, don think
capital punishment, reasons believe, eye good, support capital, just want
logic teacher, pixar work, animation class, new computer, great admirer
admires joe, firm principles, changing ideas, according popular, reader
candidate cheat, vote candidate, vote, cheat, liar
mayor, school, knew high, flunked good, good choice
fast food, charlie, regulation industry, triple baconator, hypocrite saw
dinner stomach, fast food, fast, ache, evening
democrats gay, republicans rich, democrats, rich, gay
capital punishment, people oppose, guards protect, believe lives, greatest value
hannah morality, cheat spouse, fallacy, conduct shared, creates code
allergic shoes, itching, shoes head, head started, bought new
suspect people, police said, night, setting, said
eat chicken, chicken dogs, dogs eat, saw dog, eat
sleep sun, sleep causes, goes going, set, causes
fever pizza, alley ate, dinner hours, slice, causes
young understand, happening statement, statement example, clearly just, happening
bible word, tells bible, word, god god, tells
solar flare, laptop died, computers, dangerous, morning
garden eden, saving environment, pursuing perfection, simply make, pointless
lady pink, dress julia, drives prius, reporter thinks, roberts
city socially, money media, understands values, pro abortion, said focus
rejecting god, rejecting goodness, kindness, goodness, love
evolution isn, bob, scientist questions, says knows, defend position
president affair, silly accusations, middle east, talks time, did
animal rights, rights focus, human, people speaking, focus
athletics important, coach smith, pressured teachers, don agree, build character
disarmament risk, nuclear, risk life, drive car, willing
using animals, morally wrong, jacket roast, peter based, presented evident
propaganda implies, type propaganda, buying product, implies buying, type
tank johnson, criminal record, just misunderstood, long leg, ll bet
attacks arguer, example attacks, argument, example, instead
successful mayor, richardson, town, best, history
debate classes, classes hard, said debate, roommate said, hard
students freedom, soft drinks, choose different, important, types
failed mirror, history test, bad luck, broke, morning
climate change, actor does, leonardo, dicaprio just, really know
live streets, streets, live live, live
q4 numbers, using strategy, ceo barbara, usual, says best
limit spread, virus response, economic damage, need shut, forever
senator smith, defense budget, jones says, leave nation, add
reviewer dislikes, cruise, actor religion, bias audience, impose
politicians diapers, diapers changed, politicians, changed reason, changed
virgins rains, causes rain, sacrificing, causes, time
boring course, going boring, tell going, day, course
assigns homework, teachers mad, mr stiedemann, ll suspended, behavioral issues
gore support, ellen dangerous, discussion sexual, exposure children, materials wrong
voting pepitone, family voting, president, don want, rest family
flags great, went flags, great, went, time great
great communicator, reagan, gift talking, people, effectively
difficult philosophy, philosophy classes, classes, hard, roommate said
class today, good person, person, thought, weren
reduce illegal, immigration recent, americans think, act, studies vast
respecting journalism, propaganda, stop american, china, keeps telling
iphone 12, wrong buy, million people, latest, won
opening credits, tell movie, terrible opening, going terrible, aren
school pride, lion costume, wear mountain, day, like rest
meta analyses, new method, completely valid, conducting, capable
practice easy, basketball practice, day basketball, easy easy, day
behavioral psychodynamic, valid approach, half faculty, elements, obviously
roommate, problem cat, peeing making, thing sheds, example
emotions sensitivities, slippery slope, preys people, sensitivities turn, turn
headache cold, morning headache, temperature dropped, weather causing, dropped morning
apoyo una, citing esteemed, justify, support position, known figure
require mothers, car seats, small children, using formula, just easily
cassie school, guilt association, spirit, negative, comes football
standardized dress, schools kids, kids wear, wear, used
closing country, cases spiked, york, march justified, new
lie good, good person, told, people, don
troy mcclure, buster chicken, films day, peacock died, enjoy bucket
jimmy lunch, tommy, past acceptable, steal, today
human lifespan, mother nature, dr simmons, misty declaring, way lengthen
law school, watch children, finished law, trust, finished
shah investigation, caused crash, story reported, media individual, shared
hair looks, people love, nice people, looks, nice
word woman, finished school, woman finished, know, don
objective morality, rewarded death, behavior, good, want
club wrong, ideas matter, member, actually true, isn
exam graded, cat sick, based performance, really hard, ve
science wrong, religion wrong, religion, wrong things, things
logical fallacy, opponent proposes, money example, let look, hard
change routine, studies supporting, reason change, approach, knowledge
capital punishment, alex saying, right fallacy, becky, necessary component
fallacy james, skipped class, frequently drop, unemployed living, mom concerned
break, break ll, walk, ll walk, ll
classroom chaos, phones lead, learn lives, cell, forever
headache aspirin, noisy children, away, make, real
given raises, company hasn, ensure quality, years, really hard
starving children, africa example, children africa, finish dinner, example
warming considered, homeless suffer, exaggerated problem, soar, global
trust, knows wife, moved town, opponent raises, good point
shakes marie, carb diet, drinking protein, decides healthy, notices friends
walking dog, dog terrible, terribly, went, time
test battery, legitimate test, psychological test, acknowledged psychological, use legitimate
black cat, cat crosses, bad luck, crosses path, path bad
better candidates, candidate president, president better, president, best
trans fats, fats bad, biological weapons, bad biological, bad
mentally ill, automatically mentally, kills automatically, person, ill
saying men, men don, ask directions, ask, don
prove live, world stop, just chance, turn, able eat
surgery tomorrow, people pray, god, protect harm, speedy
billy apple, vegetable bobby, failed spanish, class year, don listen
pnoy abraham, lincoln, believe pnoy, philippines, believe
glitter art, covid 19, projects group, like 10, doing
andrea dworkin, media harms, body image, ugly bitter, women comes
book, typo way, rest garbage, ve, couple
military spending, saying republican, false, asserts need, need
book investing, understand finances, dummies really, press costs, probably help
support freedom, freedom right, bear arms, right bear, right
fund missile, leave defenseless, lewis says, senator, program disagree
athlete didn, didn adopt, adopt stray, dog street, great
computer kevin, grandparents know, illiterate, thinks older, people
pizza chicago, york better, neighborhood argue, surprised, gets lost
leash dogs, livingston completely, safe addressing, city haven, seen
elmo doll, new slap, hottest, reason wants, silly
ferrets pets, companion, make wonderful, people keeping, increasing number
size houses, doors feet, neighborhood, high, half
170 lsat, got 170, expect score, got, years ago
opponent card, card carrying, carrying member, card, member
michael jordan, unc shorts, championships, wore, game played
provoked japan, taking axis, right thing, learning second, harbor don
oreos sick, caused sickness, sick, ate, day
education cari, speeding ticket, major overhaul, instead worrying, says need
water sick, fallacy used, bottled, logical, used
tim real, launch internet, business home, doesn, like normal
sleep sun, sleep causes, goes going, set, causes
rained lost, lost game, lose, game time, going
sandra angel, angel heaven, free lunch, heaven gave, today
glasses talkative, guys glasses, class glasses, talks class, guy class
written harold, wonderful writer, book, wonderful, new
teenagers phones, losing babies, toys, shouldn let, just upset
biological evolution, pond scum, fact confirmed, provisional consent, degree perverse
fight school, today violence, growing problem, today, problem
unions good, liked labor, karl, liked, good know
focus jim, tv fixed, soundly picture, friend hitting, set goes
coin landed, tails time, heads, probably, times row
argues proposition, proposition true, proven false, argues, true
iphone school, new iphone, buy 14, year old, guess
dan joe, hit car, siblings, hadn comment, hated wished
students poor, poor writers, watch tv, writers watch, poor
brother stay, family stay, family, stay ll, let
justifies claim, claim large, large group, group favors, large
logical fallacy, event caused, writer incorrectly, states, used
politician taxes, need simplify, tricking taking, money need, understand
desire free, heart desire, man heart, free, man
children stay, year eve, till midnight, ll demanding, know
vandalized car, car don, gone better, hadn, think things
quinoa delicious, source protein, plant based, tastes, darn good
lying says, telling, says, truth, know
education costs, polled debt, students, 90 college, problem
faith son, priest happy, happy, school year, told
let bathroom, teacher, everybody want, pretty, pretty soon
medical books, examination permitted, shouldn students, taking difficult, use
mouse cookie, built fallacy, glass milk, book, ll want
proposed bridge, hates city, engineering said, money believe, teaches
billboards objectively, believe, best form, spend money, majority people
senator wrong, taxes, jerk people, issue, people work
charity greedy, money charity, millionaire, money, gave
rained lost, lost game, lose, game time, going
jenna party, invite jenna, party nice, nice invite, nice
witness christian, shotgun wife, hiding basement, shall bear, clearly says
positions unscientific, unscientific, positions
type appeal, belong group, group, desire, taps
charged words, using negatively, example technique, intentionally, using
born eternal, destiny choose, lake awaits, lord, separation
english teacher, teacher, wants english, english, wants
space effort, effort example, logical fallacy, research, example
midwest mujtaba, living cheaper, says cost, journal says, wall
pre cal, cal teacher, teacher doesn, failed, like
fiction books, science, time takes, read, worth
vote coward, jones, senator, national defense, supports strong
argument fallacious, incoherent, clearly, version history, hope presented
heavy drinker, drinker, heavy
nuthatch discovered, turnow woods, tree singing, tilly, happily
humza eats, cause obesity, pizza cheeseburgers, brother, aren cause
hemorrhaged death, helping women, cervical, 32 year, weren
compatible nurses, dated nurse, dated, compatible, girl ve
redo test, future tests, allow students, future, want
rid computers, students homework, quarantined, rid, virtually
reggaeton headphones, class listen, faulty reasoning, sixth grade, noredink
cadets awards, squadron, disciplined, awards doing, doing
jollibee mcdonalds, lunch sentence, mcdonalds lunch, example fallacy, sentence example
slavery, let child, room eventually, end street, remote region
exam graded, demanded aun, cat sick, really hard, based performance
extramarital affairs, clinton having, presidents faced, hardly blame, yielded
runs occur, roulette wheel, statistically independent, phenomena, believing
cause malaria, night, malady, air assumed, precautions taken
ride dinosaurs, fallacy way, obviously educated, man did, karen getting
mall won, new car, ticket, like past, bought
keeping dog, human slavery, pet bit, bit evil, human
bridges madison, lacked artistic, county smarmy, best seller, weeks
eric lottery, idiot numbers, choose steve, 35 38, did
sightings planets, nucleus know, orbit orbit, electrons jump, ancient records
run girls, sarah likes, likes run, girls like, like
car built, car fall, fall apart, parts goes, cheap
playoff beard, matthieu, getting injured, didn grow, ended
issue climate, biggest issue, change debate, world biggest, like
rooster control, comes rooster, sun comes, crows, time
kayla guilty, capital punishment, right fallacy, necessary component, following exchange
eddie arguments, education didn, finish high, don listen, example
senator thinks, driving prius, solve ecological, habits make, quite contrary
kepler astronomy, years old, garbage realize, theory, 1600 just
driving uber, pedestrian arizona, road safety, self, stop killed
said kinza, said, doing said, cool doing, cool
death penalty, judy opposed, abolish, judge, opposed
car dealership, owner, house told, need new, know
luther posting, cause reformation, believing, theses, simply
support hillary, women rights, believe women, don believe, president don
dress code, code bad, like prison, bad feel, like
elephant evolved, mouse just, mean believe, just ridiculous, possibly
unions america, stalin, bad russia, labor, just
cousin borrow, money, 00 going, don let, day
hobby, cat juggling, block times, success believe, better
animal rights, captive make, activists, make abandon, believe shouldn
ken affair, nanny, faithful, wife, prove
senator thinks, choice driving, environment wreck, quite contrary, make slightest
teachings religion, undoubtably true, arguing length, great help, people
father smoker, regret older, tells son, alter fact, start
winfrey diet, overweight slender, oprah, useless problems, advice
breakfast mcdonald, live dictatorship, world, day, want
royal promoting, join team, season telling, people, come
almadina school, selective admissions, richmond does, process, mean
passed class, credit example, class extra, extra credit, example
bad luck, spilling salt, umbrella indoors, knock wood, yesterday walked
counts moral, lila sleeps, think opinion, marriage broken, yeah
everybody doing, doing good, good, thing, good thing
smarter floppityflip, dumber flippityflu, flippityflu, smarter, dumber
military spending, charlie think, schools quality, target terrorists, notebooks crayons
cadets apply, encampment online, paper form, headaches reply, save lots
trust, knows wife, moved town, opponent raises, good point
recycling, water bottles, homework billions, people, world throwing
senator jones, resign politics, really support, control armed, likely
want imprison, mercy orphan, parents judge, murdered, having
global warming, book argues, cites research, change years, actually
best teacher, teacher ve, best, known, ve
claim evidence, people believe, used believe, idea people, used
mercury seafood, seafood unsafe, unsafe fishers, support families, level
comparison metaphors, metaphors relate, relate ideas, really similar, situations really
species evolve, came bugs, humanos estudiante, evolución, teacher
afford stereo, stereo decide, music, decide afford, decide
dad mechanic, eating brushing, says, twice day, knows best
concerns votes, open minded, opportunities children, environment assure, record
opposition amendment, polling indicates, favor proposed, county strongly, month
look cool, like loser, clothes, look like, cool
lowering taxes, ben jerry, eats pint, good, idea coming
believe obamacare, lapdog republican, position dave, arguments, count like
bush determined, bomb potential, saddam hussein, nuclear, knock
omani hospital, tested patients, dhabi entering, disease immediately, banned people
chocolate consumption, helps weight, highest switzerland, trimmest industrialized, reasonable conclude
scientists psychologists, accept findings, new intervention, used disorder, reasonable
illuminati existed, evidence illuminati, destroyed evidence, existed, clever
assumes popular, fallacy, desirable, correct, good
kelly selfish, says recycle, annoying, earth, help save
leader kenya, kenyan good, kenyan, good leader, good
law attraction, tony, 30k lottery, bought book, wasn believer
encourages audience, group act, acting way, people, way
5g introduced, covid example, introduced got, march, got
ready test, class asking, questions means, ready, means
school choice, failing schools, politician, support failing, going
yuletide gay, sexual preference, little christmas, song suggests, want
space travel, children eye, said research, appeal, defects making
broader mind, river shallower, mind shallower, broad, like
age smoking, bad, packs, fourteen lived, father
allow euthanasia, murder, legal, allow, thing know
grandfather smoked, jason said, causal, analyses methodologically, like 30
pilot fell, malaysia, words, good night, seven zero
drunk drivers, prison, honor son, yes think, just mistake
number planets, head nostrils, windows given, similarities nature, animals domicile
drunk drivers, prison, honor son, yes think, just mistake
buying apple, new computer, course, far remember, need
echinocandins patient, septic manifestations, fever subsided, administration, correlation suffices
farm insurance, rodgers says, state, aaron, car motorcycle
gemstones precious, museum new, steal piece, guards don, agree
health coverage, obama universal, require carry, chip help, different fundamental
book medical, use text, exam, time treating, way allowed
poor lady, breakfast missed, heart aches, day today, train late
helping children, religion poisons, community cohesion, comfort, values
juror seven, numbers persuade, act, says think, attempt use
traitor snowball, teach miserable, undo work, work, easily
second amendment, clinton wants, guns, abolish, away
robots enslave, true computer, teacher says, day, true
voter turnout, tyler espinoza, seen highest, qualifications just, recorded doubts
abandoned puppy, puppy home, won abandoned, home, won
certain doctor, asking advice, woman decides, visit certain, best
taco bell, nutritional, ask fast, facts saw, night
causing marine, rig exploded, mammals die, bp oil, illustrates
witchcraft remains, spiritual problem, threatens souls, remains urgent, problem threatens
reduces piracy, temperature, decreased global, rose conclude, average
set goals, video game, game include, real video, set
exam graded, cat sick, based performance, really hard, ve
fallacy combining, evidence words, emotion, words stir, manipulate accepting
capital punishment, reasons believe, eye good, support capital, just want
orders dress, joe bob, boss going, professionally work, know
365 days, birthday, year, celebrate, long
geologist, jim spends, time hiking, college study, really
free speech, politician going, away, going strip, right
filipinos use, switch brand, products time, million, use
pray rain, governor issues, proclamation people, mr, months
fallacy jamila, xavier does, smoker cheated, president campaign, quizzes year
don party, end jobless, loser friends, living basement, 30
reduce complicated, courses action, complicated, issues possible, action
age consent, shouldn lower, speaker 16, children, ok
typed papers, word processed, clearer, new technology, error free
death penalty, global recession, increasing alarming, people hungry, problem reinstating
equally immoral, logical fallacy, major atrocities, misdeeds, compares minor
eat plate, children africa, doesn food, africa doesn, think
noble forefathers, fail great, country making, created, great
magnetic wristbands, pain subsided, surgery wife, align body, sure
caldwell hall, tear building, risk safety, students, shouldn
sam asks, sally presents, believe woman, married arrested, eloquent compelling
donor better, bad grade, school biggest, gave test, family
utility vehicles, buying sports, bought, people, time
billy apple, vegetable bobby, failed spanish, class year, don listen
employs analogies, really alike, things really, employs, really
fallacy used, attack person, character, used attack, used
teacher morale, camacho vice, president parent, responsibility downtrend, performance declined
scotsman sugar, andy changes, argument implying, counters, order support
true parts, says true, parts, true true, says
ignore scientific, ph, scientific ideas, ideas didn, ignore
home security, master thieves, don waste, able, money
outerspace communicate, surely learn, woman, send, state
bond issues, measure popular, ballot getting, ridiculous, urge recognize
rescue whales, jobs don, ridiculous spent, ice look, don like
persuasive technique, mentality, appeals doing, used media, messages
fish easiest, pets inexpensive, soothing watch, require maintenance, plus really
military spending, schools quality, important bob, target terrorists, instead spiral
cheat girlfriend, fred cheat, cheat, girlfriend, fred
kirk, picture fish, effusive disdain, stupid believe, like random
warranty chromebook, example fallacy, rest schoolyear, having, dollars expensive
believe god, god doesn, exist, prove, doesn
logical fallacies, important estudiante, teacher young, vida, don want
contributes climate, hurricanes, responsible extreme, person think, southwestern
southerners talk, talk, fast, just phone, barely
freud belief, strong father, continue, silly, stems need
adultery philandering, sex partners, multiple, biological tendency, wrong
vote smith, higher taxes, vote, live years, higher
germs river, friends swimming, boy says, mama, little
politics example, understand low, student able, talk, performance
covid 19, deaths wouldn, make sad, country happened, don control
expenses elderly, term health, continue rise, policy little, able qualify
gertrude, having forms, day efficient, things, happy way
labor laws, know labor, don job, oh, know
indoor smoking, bars business, laws passed, people drink, business people
duke, best basketball, university best, tournament year, win
school voucher, support program, collapse way, hope entire, inner city
avoid atheism, soviet, union collapsed, reasons, taking
today hearing, honor believe, won, opposite camp, case look
leprechauns real, book proved, forgot author, scientists, empirically verified
terrorists example, muslims terrorists, terrorists, muslims, example
noah flood, firmament tent, structure kept, earth described, reason
iphone comes, weekend don, cool, comes, new
free speech, express beliefs, liberty express, individual, good just
fly watermelon, fly cloud, plane, percent water, cloud 90
pornography harms, andrea dworkin, bitter listen, books arguing, just ugly
runs occur, roulette, wheel spins, statistically independent, said
attendance improved, test scores, campus, new administration, increased
doing doing, doing
annie like, starbucks white, like starbucks, girls, like
obesity example, eats pizza, cake aren, uncle, cause
hampshire primary, democrat winner, new, year, general
tv exhausted, watching tv, bed, watch, going
start recycling, entire planet, destroyed, years, don
burned cookies, apron hasn, help cooking, samantha, does help
city landfill, epa, improvements council, cited needing, company problems
girls allowed, try kickers, athletic, football teams, try
fallacy example, eating candy, test history, better grades, got
mom thinks, time shopping, thinks spend, games bring, playing video
animals tortured, modernize beauty, products overstock, hundreds thousands, year
outdoors tanning, cancer risk, bed make, renowned physicist, sure
hairspray extremely, sister uses, day example, hot, extremely
gum, body digest, seven years, human, studies takes
went sneeze, make power, did, time, make
daughter iphone, fit kids, year old, new school, buy 12
building weighs, brick, hydrogen wet, pound example, oxygen
ap kids, pre ap, kids smart, smart creative, pre
unjustified exception, double standard, standard arguing, using double, using
different dispute, alastair campbell, bbc covered, iraq entirely, managed turn
military spending, charlie think, schools quality, target terrorists, notebooks crayons
shatters phone, donate kickstarter, bubble wrap, seconds, states teen
problems crimes, compares minor, minor problems, minor, compares
news fake, fake news, news, fake
employees vote, taxes lose, wins raise, jobs, upcoming
aliens created, haven proven, life, created, didn
eternity reading, learning writing, die spend, composition comforted, believe
french people, met rude, people rude, person, yesterday guess
domestic violence, intervention victims, controlled studies, problem providing, way
example fallacy, fallacy, example
death penalty, actor guy, stated opposition, handsome publicly, people
teenagers irresponsible, irresponsible example, type fallacy, saying, things like
god exists, intelligence design, order demonstrates, supernatural, know
broke mirror, received history, final, earlier, day
john adams, called fool, godless french, gross hypocrite, campaign
vulvastein gynecologist, female chances, lolita, realize door, 50 50
partner class, donate hurricane, fundraiser, sandy, didn
effective drug, ashton kutcher, kutcher prescription, commercial, saw
rains washing, wash car, car rains, car makes, everytime
thousands coyotes, eat lamb, lamb thousands, wrong, eat
rowling wonderful, wonderful writer, writer writes, example, wonderful
judgments group, define person, race, faulty, derived
ban guns, gun violence, violence speak, numbers, country
doubled conversions, text red, changing landing, proven way, clients
jhon hates, warren responded, military spending, wants leave, health education
billy apple, vegetable bobby, failed spanish, class year, don listen
funded health, country speaker, sanders probably, best solution, single
banned schools, distractions cyberbullying, cell phones, high tech, cause severe
charity right, americans, money, right, thing
oversimplified example, refute, chooses deliberately, make fun, speaker author
exercise video, jane fonda, great shape, worth money, look
years feminism, families communicate, deterioration, mainstream, blame
antibiotic coverage, responsible infectious, burns held, administer triple, complications eventually
summer tutoring, intelligent beth, good student, attended, good
example fallacy, american vegetarian, really american, statement, really
manipulators avoid, responsibility actions, bad decision, avoid taking, tried helps
best buy, electronics, friday, store people, line outside
given raises, employees work, best customer, make good, sure haven
senator li, cut funding, childhood education, hates, announced today
ban teenagers, phones continue, let thousands, classes, possessing cell
did blonde, shoe sale, cross road, saw, did
disrespectful dissent, allow disrespectful, said allow, president, said
john opinion, warming tree, hugger, es abrazador, global
use phone, phone, feeling use, feeling, use
generous poor, learn contribute, society, come expect, help
compared similar, things compared, does prove, does, things
hell example, god ll, believe god, don believe, don
illnesses ozone, pain cancer, protected destroyed, layer, people
afford stereo, music, decide going, mind, make
caroline says, girl jenna, lunch new, ditching old, going
pay taxes, vote, deserve right, don, right
lower students, need ban, sure phones, success, don know
nuclear war, sitting basement, talk host, sm 10, saying verge
crime humanity, filipino support, war campaign, result drug, thousands
logical fallacy, smith, influenced civil, listen, bound distorted
chick fil, food, look crowds, chain existence, greatest
donate hockey, schools uganda, poor hungry, helping build, got
believe wrong, wrong prove, prove, believe, wrong
box office, movie, really good, weekend means, really
time machine, marty, year 1985, practical jokes, good night
eat cheese, tall people, man loved, believe, like
runs occur, roulette, wheel spins, statistically independent, said
cause autism, vaccinated time, parents assign, 2000s search, closely correlate
racists charlie, believe white, martin, people, yes just
exploiting workers, director fast, board, available resources, going maximize
scientists disagree, consensus, recent study, plenty, position phenomenon
ad hominem, accused using, attack research, research using, started
asking garage, patio furniture, wife wants, shopping new, talk cleaning
jesus camp, jordan dad, entire summer, spend entire, don
make angry, angry won, don make, won like, like
human mary, mary man, human, men, man
eat breakfast, lebron james, players time, says need, decorated
shakira best, singer, talented, best, world
trust, knows wife, moved town, opponent raises, good point
idea belief, believe, claiming, true simply, people
distract mom, bed begins, needs bathroom, say hungry, young
runs occur, phenomena routine, wheel spirits, statistically independent, believing
love better, greatest thing, thing love, emotion, better
luke didn, poor starving, sheep brains, brussel sprouts, country weren
minimum wage, state person, raising, business, smart run
advertisement asking, children die, jude research, struggling cancer, people st
death penalty, taylor swift, abolish, penalty taylor, opposed
beer warm, beer better, better cold, warm, better
failed ap, ruined example, won college, live parents, vocab test
reconsider speed, limit proposals, interstate highways, budget department, cut 25
student online, estarán vacías, tome curso, línea, allow
raise taxes, claiming wants, middle class, credits poor, opponent
rooster powerful, crows, sun comes, important, time
church scam, free child, soul limbo, 10 income, clearly
doctors smoke, smoke healthy, healthy choice, smoke, doctors
persuasive technique, iphone 22, purchase newest, literally doesn, run
degree better, college, people better, person conversation, gets
wearing nike, nike, don wearing, wearing, don
martin sheen, president real, make great, television, probably
good university, courses took, took uf, interesting, don
buying
students redo, assignment, test, rest year, allow
questions competent, stand trial, 87 test, client, certainly know
clear backpacks, students don, bad things, use, happen
smoking 16, harmful health, mother, stop, listen started
tylenol, doctor play, wouldn dream, toughest, using
past curfew, shouldn punished, dishes, staying, did
hybrid cars, solar power, promise expensive, like, ll able
forms life, beings come, come living, god, forms
images animals, make donations, commercial shows, persuade audience, need
hard workers, messy unclean, guys, example, really
listened neil, record way, young, strangling cat, ve knowingly
therapy morally, concerning limiting, view discussion, wrong accept, concerning
senator best, shirts logic, fallacy does, vote, represent
terrorists, chance invade, invade beloved, beloved country, given
bring pencil, class end, don bring, sad life, don
world series, hearts home, know heart, home, win
let cats, outside debate, topic people, going outside, robins extinct
job stay, pursue dream, dream job, miserable, rest life
represents fallacy, mcdonalds, ninety percent, say best, people surveyed
eat cookie, eat tomorrow, million, day, tonight ll
warren pocahontas, calling senator, cancelling student, loan debt, debating ideas
colin closet, marry parents, sex couples, monkeys, asserts allow
literal resurrection, existence zombies, jesus like, believing, literal
llama wool, attp wearing, makes warm, coats, new
economic problems, leaving country, people leaving, reason people, problem
going movies, movies, loves going, going, loves
theoretical orientation, valid theoretical, orientation valid, valid, deny
6000 years, distance astronomical, light reached, billy universe, firm number
bet horse, racing risk, stocks different, people buy, little
sky green, green truth, told sky, father told, truth
speaker communist, payer health, shouldn single, universal, countries tried
fallacy suggesting, believes does, accurate effective, valid, suggesting
hannah accused, nicole identified, fallacy earlier, committed logical, instead addressing
aida pace, lucky shoes, soccer practice, willeidy tells, losing bought
remove vending, outrage school, machines taking, freedom away, wants
apartment large, lives large, large, building, lives
park funding, city brookfield, littering increased, responsible, year
eaten cereal, muffin instead, earthquake city, day, ve
girls group, hot derek, looks lot, effect, man
social programs, accept poor, way improve, taxes raise, suffer
congress adulterers, congressional representatives, representatives affairs, members, affairs
bob sucked, movie waste, money ted, example, wrong
canceling fashion, deeply canceling, best decision, believe deeply, certain
family farmers, logical fallacy, example logical, family, example
boys elephants, elephants big, elephants, boys big, big
single veteran, falls homelessness, veteran falls, rest, reach day
france rude, says tourist, pancakes, lady threw, ground big
laws moviemakers, drug laws, giving filth, food drug, pure
suicide smoker, doug says, ryan turns, class, duh
break law, fallacy used, obey, logical, used
point trust, moved town, opponent raised, months ago, really
believing volcano, erupted president, president arrives, hawaii day, example
mural 34th, paint buildings, habersham allowed, open gate, hope
credible rich, poor credible, rich, credible, poor
ban pornography, feminists wrong, looks harsh, fans left, measures surely
free speech, stop example, say want, right, shouldn try
sister broke, assume sibling, nose assume, bone causes, arm
sex education, putting teenagers, alcoholic bar, classes like, like taking
exploiting customers, profits taking, advantage, way company, make huge
smelly apes, evolution true, true smelly, apes, true true
car insurance, accident, union, stay protected, waiting happen
pressure doctor, reduce stress, party overhear, tell spouse, need reduce
need fallacy, student commit, math makes, sense real, did
phones distract, distract students, teachers claim, cell, lives
questionable accounting, practices bentron, know rumors, tom police, ll work
fake issue, issue argument, argument easier, prove wrong, deliberately using
homework night, did weak, complete homework, did, complete
moon core, moon short, short ribs, proven, filled
builds rocket, mad scientist, avoid cremated, night avoid, embark
porch patriotic, american flag, flag, fly american, thing
judgement people, ethnic background, unfair, looks belief, people based
make exception, exception, exception ll, ll, make
dropout rates, informed consent, chose therapists, helps prevent, procedure month
justice unity, integrity, work achieve, going work, people going
labor laws, laws don, don job, know, oh
tim boss, think fired, lie created, heard story, sure going
trust advertising, food brand, hates dogs, meeting proposed, skills
daughter iphone, fit kids, buy 12, old, guess
book investing, understand finances, dummies really, press costs, probably help
sally soldier, brittany, soldier, queen, kingdom
legalize marijuana, marijuana people, try heroin, people, try
pro mining, secretary claims, harm good, environment people, values
oplan tokhang, effective operation, salvador support, actors like, gonzaga
rains washing, wash car, car rains, car makes, everytime
dance pamela, class service, mark says, más proyectos, escolar
christina shoes, shoes superior, snakeskin synthetic, materials, superior percent
best baby, baby example, best, baby, example
best baby, want best, baby, best, don want
fatima sneezed, fatima, caused tsunami, tsunami tokyo, caused
plastic pollution, straws continue, killing ocean, start using, life
rules sorority, jill decides, jane concerns, meeting president, racist
bad teacher, teachers bad, teacher, teachers, bad
reduce crime, laws, eliminate, books, committed
women jerry, better math, sylvia, men score, man
misrepresenting argument, argument make, easier attack, make easier, make
sunday school, run preschool, playground director, babysat children, know run
estate ad, moving home, happy family, real, shows
world existed, god did, matter, ago, thousand
smack children, behavior, stop bad, common sense, don tell
sleep sun, sleeping causes, causes, set, time
assignment fall, life crime, point, turn, backed
enjoying recess, preserve nature, kids, want preserve, eventually want
drinking illegal, kids manage, 21, point, making
ban cars, firearms ban, deaths firearms, cars cause, cause
appeal, seize opportunity, jumped chance, used quote, satisfied life
loves raymond, raymond popular, everybody loves, popular people, loves
mean teacher, raise grade, wouldn raise, percent, person wouldn
freezing justified, officer told, justified, running away, hot
fans bakers, bakers sports, boys bakers, sports fans, boys sports
sensitivity perfume, new sensitivity, smell bad, buy new, day
appealing popularity, appealing, people attempted, form validation, fact
car theft, agree blackjack, locks effective, steering wheel, officers agree
remember trash, morning pile, neighbors complain, health inspectors, habib
music industry, raise album, industry raise, prices reduce, pay technicians
primitive people, anymore god, people believed, phenomena science, natural
just uber, buy new, car, rest life, save
shoe sale, did blond, blond cross, road saw, did
students safety, building continue, tear new, obviously shouldn, shape
grouchy mood, mood, good morning, good, gotten
bankruptcy trust, dean, just filed, company, work just
seat belt, persuasive appeal, picture make, feel sad, using type
english son, dishwasher mow, report card, lawn need, did loaded
smoke screen, cover truth, clue misleading, distracting, screen cover
clinton moral, bible going, daughter talking, man married, loving
malltime success, like shopping, little girls, success little, think
pond scum, come pond, evolution idea, humans, come
katie likes, play sports, stops reading, friends make, nerds
discredits intervention, research reasoning, psych major, people methodologically, seriously
emotion pity, makes appeal, addressing argument, occurs makes, instead
bicycle infrastructure, sustainable mode, lights endanger, person build, expanded
commercial featuring, starving, donations help, children africa, water need
iphones best, smartphones market, apple makes, market, makes best
personalities believe, sun moon, violin, position, neighbor told
sweden college, free citizens, rid liberal, come ed, glad
defense budget, senator vote, care education, public don, increase
delores, support extremists, work policy, equal, taken seriously
bad luck, good luck, ve, good, bound
pizza likes, likes pepperoni, pepperoni example, likes, example
party friends, stop inviting, life don, fun, stop
teachers enemy, math class, parent asks, answer, bad
hard philosophy, philosophy classes, roommate said, classes, said
warrant student, student receive, receive cs, course reason, claim
parents today, kids suppress, suppress identity, doesn norm, just
trust doctor, raise child, mother, advice, example
eating fast, burger, unhealthy saw, response claim, hours ago
car rains, affects weather, washing definitely, definitely affects, day
office haunted, barbara believes, marketing agency, heard worldly, late
bankruptcy trust, just filed, company, victor, work just
america love, love leave, america, leave, love
rules important, following rules, told following, following, important
latam airlines, planes late, fallacy, late kind, avoid
university st, cloud state, students, state, rated
athlete cheated, great athlete, cheated, wife, great
renewable energy, oil changers, fixing nation, cousin bob, aren
fact morris, dimensions beings, spirit learn, occupy clifton, youthful
need party, bored, home, ll just, need
earth shoes, beings follow, tread, softly, living
beetle evil, volkswagen, hitler, originally designed, army
fallacy, bacon double, recognising amanda, healthy food, popular alyse
new detergent, concluded allergic, valencia bought, type reasoning, different
textbooks examination, surgeons rays, lawyers briefs, carpenters blueprints, house shouldn